question,answer,contexts,faithfulness,answer_relevancy
Care este formula pentru media de admitere?,"Formula pentru calculul mediei de admitere (MA) este:

MA = 0.8 * NTG + 0.2 * MBac

Unde:
* NTG = Nota la Testul Grilă (trebuie să fie mai mare sau egală cu 5)
* MBac = Media la examenul de Bacalaureat","['Media de admitere se calculează conform formulei:\nMA = 80%  ×  NTG +  20%  ×  MBac \nunde:\nMA = Media de AdmitereNTG  =  Nota Testul GrilăMBac  =  Media la examenul de Bacalaureat \nObservație: Nota la testul grilă trebuie să fie mai mare sau egală cu 5.\nAdmiterea se desfășoară pe domenii de licență și formă de finanțare (buget sau taxă).\nStudenții admiși în domeniul de studiu Automatică, informatică aplicată și sisteme inteligente* vor urma cursurile specializării Automatică și informatică aplicată, cu posibilitatea de a alege în anii III si IV de studiu mai multe discipline de Automatică sau de Informatică aplicată.Lista disciplinelor studiate la Automatică și informatică aplicată', 'Metodă de selecție\na. Informații generale cu privire la metoda de selecție\nLa înscriere se depune un singur dosar, iar admiterea la Facultatea de Automatică și Calculatoare se face după modalitatea prezentată la secțiunea Informații generale.\nb. Metoda de repartiție\nRepartizarea pe opțiuni a candidaților declarați admisi se va face în functie de Media de Admitere, în ordine descrescatoare, la prima opțiune exprimată în cererea de înscriere la care mai sunt locuri libere. \nPentru medii de admitere egale, departajarea se va face astfel:\nNota la testul grilăNota la Bacalaureat la disciplina Matematică/Informatică/FizicăNota la Bacalaureat la disciplina Limba Română (proba scrisă)\nc. Condiții speciale de admitere\nEchivalarea notei la testul grilă cu nota 10 pentru:', 'de locuri vacante. \nArt.32.(1) Admiterea se face strict în ordinea descrescătoare a mediilor de admitere \nobţinute de candidaţi , în limita numărului de locuri aferent domeniilor de studii pe facultăţi , \npentru care se organizează concursul (locuri de la buget şi locuri cu taxă) . Departajarea \ncandidaţilor care au obţinut medii de admitere egale se face ţinând seama de criteriile \nconform Anexei PO.DID.05-A1. \n(2) Media minimă de admitere nu poate fi mai mică decât 5 (cinci). \n(3) Calendarul admiterii cuprinde date pentru afişarea rezultatelor preliminare, a rezultatelor \nintermediare şi a rezultatelor finale. De asemenea, calendarul cuprinde două etape de \nconfirmare şi una de completare a locurilor în urma eventualelor retrageri de după etapele \nde confirmare.', '1 Dacă am fost admis la o altă facultate decât prima mea opțiune, unde trebuie să depun \ndosarul? \nCandidații își vor depune dosarele cu documente originale la facultatea la care a fost \nexprimată prima opțiune, indiferent de rezultatul admiterii. Ulterior, după stabilirea \nrezultatelor finale se vor face redistribuiri ale dosarelor de către comisiile de admitere. \n2 Care sunt actele necesare pentru confirmarea locului obținut prin concurs? \nDocumentele necesare se găsesc  la adresa https://ac.tuiasi.ro/admitere/licenta/, la \nsecțiunea Confirmarea locului , care este disponibilă după afișarea preliminară a \nrezultatelor.', 'str. Prof. dr. doc. Dimitrie Mangeron nr. 67, etaj 1, cam. B106. \nArt.13. (1) Admiterea se organizează prin intermediul unei platforme informatice la nivel de \nuniversitate, prin depunerea unui singur dosar. În plata unei taxe de admitere se acordă \ndreptul de a se completa o fişă de înscriere în care pot fi incluse domeniile de studii de la \nmaximum trei facultăţi. Candidatul va preciza ordinea opţiunilor pentru domeniile aferente \ncelor trei facultăţi . Candidaţii care optează pentru domenii din cadrul facultăţilor de \nArhitectură ""G.M. Cantacuzino"", respectiv Automatică şi Calculatoare vor putea considera', '\ue080Q16. Dac ă  am fost admis la o alt ă  facultate decât prima mea op ț iune, unde trebuie s ă  depun dosarul?\nCandida ț ii î ș i vor depune dosarele cu documente originale la facultatea la care a fost exprimat ă  prima op ț iune, indiferent de rezultatuladmiterii. Ulterior, dup ă  stabilirea rezultatelor finale se vor face redistribuiri ale dosarelor de c ă tre comisiile de admitere.\n\ue080\nQ17. Dac ă  sunt admis la o op ț iune de a mea inferioar ă  ș i confirm locul, mai pot fi declarat admis la o op ț iune de a measuperioar ă ?', 'un Proces - verbal de desfăşurare a admiterii, înregistrat la decanatul facultăţii , pe care îl \ntransmite la Prorectoratul Didactic împreună cu listele de admitere (în forma în care ele \nau fost afişate la sfârşitul sesiunii de admitere finale) şi cu listele de înmatriculare , în ordine \nalfabetică , pe domenii de studii sau programe de studii (pentru programele în limba \nengleză) . \nProcesul verbal va cuprinde informaţii despre: întreaga organizare a admiterii , nr. de \nînscrisi, numărul de candidati scutiti de taxă , eventuale situatii deosebite , afisarea \nJ , J I I \nrezultatelor şi eventualele contestaţii etc., precum şi eventuale propuneri de îmbunătăţire \na procedurii de admitere. \n4.3. ÎNSCRIEREA CANDIDAŢILOR \nArt.19. (1 )Candidaţii se vor înscrie cu un singur dosar de Înscriere pe platforma i nformatică \na universităţii . \n(2) În cazuri deosebite, când din motive întemeiate candidatul nu se poate înscrie online,', 'Universitatea Tehnică Procedura PO.DID.05 \n""Gheorghe Asachi"" din laşi de organizareşi desfăşurare a admiterii Ediţia: 9 I Revizia: 1 \nProrectoratul Didactic în ciclul de studii universitare de licenţă Pagina 15/16 \nExemplar nr. 1 \n( 4) Rezultatul concursului de admitere se stabileşte printr-un proces iterativ în funcţie de \nopţiunile exprimate de candidaţi. Atât pentru o opţiune la care candidatul nu confirmă locul \nocupat prin concurs, cât şi pentru opţiunile inferioare (la care, de asemenea, ar fi putut fi \nadmis), candidatul este eliminat din procesul de admitere. \n(5) Candidaţii care nu au fost declaraţi admişi vor fi menţinuţi în listele de admitere, aceştia \nputând fi admişi ulterior în urma retragerii altor candidaţi. \n(6) Candidaţii declaraţi admişi la o facultate, la afişarea rezultatelor finale vor avea la \ndispoziţie 48 de ore pentru a confirma locul obţinut, în aceleaşi condiţii ca în etapele \nanterioare de confirmare.', 'Universitatea Tehnică Procedura PO.DID.05 \n""Gheorghe Asachi"" din laşi de organizareşi desfăşurare a admiterii Ediţia: 9 l Revizia: 1 \nProrectoratul Didactic în ciclul de studii universitare de licenţă Paaina 14/16 \nExemolar nr. 1 \n(3) Candidaţii vor completa fişa de înscriere, pentru facultatea la care optează, cu opţiunile \nprivind domeniile de licenţă şi vor depune/ transmite dosarul de înscriere la Comisia de \nadmitere. \n(4) În cazul în care numărul candidaţi l or de etnie rroma este mai mic sau egal cu numărul \nlocurilor repartizate prin Ordin al Ministrului, se declară admişi candidaţii care au îndeplinit \ncriteriile minime de admitere de la facultatea la care aceştia s-au înscris . Candidaţii la \nFacultatea de Automatică şi Calculatoare şi la Facultatea de Arhitectură ""G.M. \nCantacuzino"" vor susţine examen. \n(5) în cazul în care numărul candidaţilor de etnie rromă este mai mare decât numărul', 'Stare dosar: INI Ț IAT\nPasul 5. Validare de c ă tre candidat ș i transmitere dosar online c ă tre comisiile de admitere\nAp ă sa ț i butonul Înscriere. Dosarul dvs. ajunge la comisia de admitere a Universit ăț ii ș i va fi analizat în cel mai scurt timp.Stare dosar: ÎN CURS DE VERIFICARE\nPasul 6. Analiz ă  dosar de c ă tre comisia de admitere\nComisia de admitere analizeaz ă  corectitudinea datelor completate ș i a documentelor înc ă rcate.--> Dac ă  dosarul este valid ș i nu necesit ă  corecturi, se trece la pasul 7.--> Dac ă  dosarul nu este valid ș i necesit ă  corecturi, se trece la pasul 8.\nPasul 7. Notificare finalizare înscriere\nCandidatul este notificat prin email c ă  înscrierea s-a finalizat cu succes.Stare dosar: FINALIZAT\nPasul 8. Notificare necesitate modificare dosar\nCandidatul este notificat prin email ș i telefonic c ă  sunt necesare corecturi la dosar.Stare dosar: NECESIT Ă  CORECTURI\nCorecturile pot fi efectuate de c ă tre:', 'o facultate, candidatul va fi retras din listele celorlalte facultăţi . \nArt.33. Rezultatele admiterii, verificate şi validate de Comisia de admitere pe universitate, \nse aduc la cunoştinţa celor interesaţi , prin afişare, la fiecare facultate, precum şi pe site-ul \nuniversităţii , specificându-se ora şi data afişării. \n4.5. REZOLVAREA CONTESTAŢIILOR \nArt.34. (1) ln termen de maximum 24 de ore de la afişarea rezultatelor sesiunii de admitere, \ncandidaţii pot solicita clarificări suplimentare Comisiei de admitere şi , în funcţie de \nrăspunsul primit, pot formula, în acelaşi interval de timp, eventuale contestaţii , care se vor \nsoluţiona la nivelul Comisiei de contestaţie numită prin Decizia Rectorului. \n(2) Nu se admit contestaţii pentru probele orale sau de aptitudini artistice - proba de desen. \n(3) Rezultatul soluţionării contestaţiilor se comunică în cel mult 24 ore după încheierea \ntermenului de depunere a acestora. Decizia Comisiei de contestaţii este definitivă.', 'Universitatea Tehnică Procedura PO.DID.05 \n""Gheorghe Asachi"" din laşi de organizareşi desfăşurare a admiterii Ediţia: 9 I Revizia: 1 \nProrectoratul Didactic în ciclul de studii universitare de licenţă Pagina 5/16 \nExemplar nr. 1 \n1. SCOP \nScopul prezentei proceduri este de a descrie metodologia de organizare ş i \ndesfăşurare a admiterii în ciclul de studii universitare de licenţă în cadrul Universităţii \nTehnice „Gheorghe Asachi"" din laşi . \n2. DOMENIU DE APLICARE \nPrezenta procedură se aplică în cadrul Universităţii Tehnice ""Gheorghe Asachi"" din \nlaşi la concursul de admitere pentru anul I. \n3. DOCUMENTE DE REFERINŢĂ \n3.1. Legea învăţământului superior nr. 199/2023; \n3.2. Legea nr. 1 /201 O pentru aprobarea Ordonanţei Guvernului nr.22/ 2009 privind stabilirea \ncuantumului minim al taxelor de şcolarizare , în valută , a cetăţenilor care studiază pe \ncont propriu în România, din state care nu sunt membre ale Uniunii Europene, precum']",1.0,0.7496773990562788
Ce documente trebuie sa contina dosarul de concurs?,"Dosarul de concurs pentru admiterea la studii universitare de licență conține:

*   Fișa de înscriere (completată cu datele personale și opțiunile privind facultatea, domeniul și forma de finanțare).
*   Copii scanate ale documentelor solicitate (lista detaliată a acestora este disponibilă la adresa: https://www.tuiasi.ro/licenta/dosarul-de-inscriere/).
*   Dovada plății taxei de înscriere.

Notă: Documentele trebuie încărcate în format PDF (se preferă un singur fișier pentru fiecare document, inclusiv pentru cele față-verso).","['Universitatea Tehnică Procedura P0.OIO.05 \n""Gheorghe Asachi"" din laşi de organizareşi desfăşurare a admiterii Ediţia: 9 I Revizia: 1 \nProrectoratul Didactic în ciclul de studii universitare de licenţă Pagina 10/16 \nExemplar nr. 1 \n- afişează rezultatele examenului de admitere la avizierul şi pe site-ul facultăţii; \n- completează Registrul de Înscriere a candidaţilor. \nC. Comisia de soluţionare a contestaţiilor rezolvă contestaţiile. \nContestaţiile se depun la Comisia de admitere pe facultate , la facultatea unde \ncandidatul a depus dosarul. \nArt.18. La finalizarea admiterii , după sesiunea de toamnă , în termen de 3 zile lucrătoare \nde la afişarea rezultatelor finale , preşedintele comisiei de admitere pe facultate întocmeşte \nun Proces - verbal de desfăşurare a admiterii, înregistrat la decanatul facultăţii , pe care îl \ntransmite la Prorectoratul Didactic împreună cu listele de admitere (în forma în care ele', '1 Dacă am fost admis la o altă facultate decât prima mea opțiune, unde trebuie să depun \ndosarul? \nCandidații își vor depune dosarele cu documente originale la facultatea la care a fost \nexprimată prima opțiune, indiferent de rezultatul admiterii. Ulterior, după stabilirea \nrezultatelor finale se vor face redistribuiri ale dosarelor de către comisiile de admitere. \n2 Care sunt actele necesare pentru confirmarea locului obținut prin concurs? \nDocumentele necesare se găsesc  la adresa https://ac.tuiasi.ro/admitere/licenta/, la \nsecțiunea Confirmarea locului , care este disponibilă după afișarea preliminară a \nrezultatelor.', 'Pentru admiterea la studiile universitare de master, dosarul de concurs este format din una sau mai multe fi ș e de înscriere; câte o fi șăde înscriere pentru fiecare facultate la care dori ț i s ă  v ă  înscrie ț i.\n\ue080Q6. Cum pot realiza confirmarea locului pe care am fost admis ș i ce trebuie s ă  fac în continuare?\nO reprezentare vizual ă  ș i informa ț ii detailate referitoare la procesul de de admitere ș i de confirmare a locului se g ă sesc la adresa:https://www.admitere.tuiasi.ro/licenta/index.php#admitere (https://www.admitere.tuiasi.ro/licenta/index.php#admitere).Pentru mai multe detalii despre procedura de organizare ș i desf ăș urare a admiterii la TUIASI, vizita ț ihttps://www.tuiasi.ro/licenta/proceduri-admitere/ (https://www.tuiasi.ro/licenta/proceduri-admitere/).\n\ue080Q7. Cum pl ă tesc taxa de admitere?', '\ue080Q5. Care este diferen ț a dintre dosarul de concurs ș i fi ș a de înscriere?\nPentru admiterea la studiile universitare de licen ță , dosarul de concurs este format dintr-o singur ă  fi șă  de înscriere care va con ț ineop ț iunile candidatului. Termenul ""op ț iune"" se refer ă  la o grupare format ă  din facultate, domeniu ș i form ă  de finan ț are (buget sautax ă ).\nUNIVERSITATEA TEHNIC Ă  ""GHEORGHE ASACHI"" DIN IA Ș I\nla concursul de admitere la studii universitare de licen țăsesiunea 2025\nBine ai venit! (/licenta/index.php)\nManual de utilizare (/licenta/manual_utilizare.php)\nÎnscriere online (/licenta/inscriere_online.php)\nSitua ț ie înscrieri (/licenta/situatie_inscrieri.php)\nRezultate admitere (/licenta/rezultate_admitere.php)\nÎntreb ă ri frecvente (/licenta/intrebari.php)\nContact (/licenta/contact.php)\n  \n6/1/26, 10:56 AM Universitatea Tehnică ""Gheorghe Asachi"" din Iași - Admitere 2025\nhttps://www.admitere.tuiasi.ro/licenta/intrebari.php 1/3', 'Universitatea Tehnică Procedura PO.DID.05 \n""Gheorghe Asachi"" din laşi de organizareşi desfăşurare a admiterii Ediţia: 9 I Revizia: 1 \nProrectoratul Didactic în ciclul de studii universitare de licenţă Pagina 15/16 \nExemplar nr. 1 \n( 4) Rezultatul concursului de admitere se stabileşte printr-un proces iterativ în funcţie de \nopţiunile exprimate de candidaţi. Atât pentru o opţiune la care candidatul nu confirmă locul \nocupat prin concurs, cât şi pentru opţiunile inferioare (la care, de asemenea, ar fi putut fi \nadmis), candidatul este eliminat din procesul de admitere. \n(5) Candidaţii care nu au fost declaraţi admişi vor fi menţinuţi în listele de admitere, aceştia \nputând fi admişi ulterior în urma retragerii altor candidaţi. \n(6) Candidaţii declaraţi admişi la o facultate, la afişarea rezultatelor finale vor avea la \ndispoziţie 48 de ore pentru a confirma locul obţinut, în aceleaşi condiţii ca în etapele \nanterioare de confirmare.', 'Folosi ț i butonul „Adaug ă  concurs” pentru a ad ă uga concursul sau concursurile la care a ț i ob ț inut rezultate ș ibutonul „ Ș terge ultimul concurs” în eventualitatea în care a ț i introdus date gre ș ite.\nATEN Ț IE: Te rug ă m s ă  încarci un singur fi ș ier pentru orice document solicitat, inclusiv pentru cele fa ță -verso! Seprefer ă  formatul PDF! În cazul în care copiile scanate ale documentelor sunt în format imagine (jpg, jpeg, png,etc.), te rug ă m s ă  le asamblezi într-un singur fi ș ier PDF!', 'de locuri vacante. \nArt.32.(1) Admiterea se face strict în ordinea descrescătoare a mediilor de admitere \nobţinute de candidaţi , în limita numărului de locuri aferent domeniilor de studii pe facultăţi , \npentru care se organizează concursul (locuri de la buget şi locuri cu taxă) . Departajarea \ncandidaţilor care au obţinut medii de admitere egale se face ţinând seama de criteriile \nconform Anexei PO.DID.05-A1. \n(2) Media minimă de admitere nu poate fi mai mică decât 5 (cinci). \n(3) Calendarul admiterii cuprinde date pentru afişarea rezultatelor preliminare, a rezultatelor \nintermediare şi a rezultatelor finale. De asemenea, calendarul cuprinde două etape de \nconfirmare şi una de completare a locurilor în urma eventualelor retrageri de după etapele \nde confirmare.', 'Pasul 3. Completare dosar înscriere\nCandidatul completeaz ă  o fi șă  de înscriere în care stabile ș te op ț iunile pe facult ăț i, domenii ș i forme de finan ț are precum ș iordinea acestora. Pl ă ti ț i taxa de înscriere la concursul de admitere ș i preg ă ti ț i copii scanate ale documentelor solicitate îndosarul de înscriere (consulta ț i lista documentelor necesare (https://www.tuiasi.ro/licenta/dosarul-de-inscriere/)). Completa ț ifi ș a de înscriere cu datele personale ș i op ț iunile dvs. exprimate pe domenii ș i forme de finan ț are. Pentru mai multe informa ț iiaccesa ț i ghidul de completare a fi ș ei de înscriere (https://www.admitere.tuiasi.ro/licenta/manual_utilizare.php).\n4/22/26, 4:09 PM Universitatea Tehnică ""Gheorghe Asachi"" din Iași - Admitere 2025\nhttps://www.admitere.tuiasi.ro/licenta/index.php 2/7', 'studiilor eliberată de Centrul Naţional de Recunoaştere şi Echivalare a Diplomelor din \ncadrul Ministerului Educaţiei şi Cercetări i. \n(2) în vederea eliberării adeverinţei de recunoaştere a studiilor, candidaţii vor completa un \ndosar separat cuprinzând următoarele acte: \n- cerere tip pentru recunoaşterea studiilor efectuate, în vederea admiterii la studii \nuniversitare de licenţă ; \n- diploma de bacalaureat şi foile matricole pentru toţi anii de liceu (copii legalizate); \n- documentul personal de identificare - în copie: paşaport (copie după pag. 1, 2, 3, 4) \nsau alt act de identitate care dovedeşte calitatea de cetăţean al unui stat membru UE, SEE \nsau CE; \nPentru documentele redactate în alte limbi decât limbile engleză şi franceză se vor prezenta \ntraduceri legalizate în limba română sau în engleză , în original. Diplomele trebuie să fie \nvizate cu Apostila de la Haga de autorităţile competente din ţările emitente pentru statele', '1. Proba de concurs\nCandida ț ii care s-au înscris la una din facult ăț ile Automatic ă  ș i Calculatoare sau Arhitectur ă  vor sus ț ine o proba de concurs, încondi ț iile specificate pe paginile web ale acestor facult ăț i.\n2. Rezultate preliminare\nÎn cadrul fiec ă rei facult ăț i, candida ț ii sunt ierarhiza ț i în ordinea descresc ă toare a mediilor ob ț inute la examenul de admitere ș iîn limita locurilor aprobate pentru fiecare domeniu de studii. În urma realiz ă rii acestei ierarhii, un candidat poate fi declaratADMIS pe una din op ț iunile exprimate în fi ș a de înscriere. Termenul ""op ț iune"" se refer ă  la o grupare format ă  din facultate,domeniu ș i form ă  de finan ț are (buget sau tax ă ).\nÎn cazul în care candidatul nu este declarat ADMIS la nici una din op ț iunile sale, acesta este considerat ÎN CONCURS la toateaceste op ț iuni, având posibilitatea de a fi declarat ADMIS ulterior, în urma eventualelor retrageri.', 'primi punctaj nul la aceste discipline. \nArt.25. (1) În cererea de înscriere, candidaţii vor menţiona , în ordinea preferinţelor, opţiunile \nlor privind domeniul, forma de învăţământ (cu frecvenţă ), tipul subvenţiei (de la buget sau \ncu taxă ), limba în care doresc susţinerea probelor de concurs, disciplinele de concurs (după \ncaz).', 'Candidatul este considerat ÎN CONCURS pentru toate op ț iunile la care nu a fost înc ă  admis.\n3. Rezultate intermediare\nLa afi ș area rezultatelor intermediare are loc:\nEliminarea din concurs a candida ț ilor de la op ț iunile la care au fost admi ș i ș i nu au confirmat pân ă  la termenul stabilitpentru confirmarea rezultatelor preliminareAdmiterea unor candida ț i la noi op ț iuni la care în etapa anterioar ă  au fost considera ț i ÎN CONCURS, în limita locuriloreliberate prin retragere sau neconfirmarePromovarea automat ă  a candidatului la o optiune superioar ă  în ordinea preferin ț elor de pe fi ș a de înscriere, în limitalocurilor eliberate prin retragere sau neconfirmare.Candidatul r ă mâne în concurs pentru op ț iunile la care nu a fost declarat admis înc ă .']",0.7142857142857143,0.8285354932777809
Care sunt criteriile de departajare intre candidati?,"În cazul mediilor de admitere egale, departajarea candidaților se face în următoarea ordine:

* Nota la testul grilă (NTG);
* Nota la Bacalaureat la disciplina Matematică/Informatică/Fizică;
* Nota la Bacalaureat la disciplina Limba Română (proba scrisă).","['primi punctaj nul la aceste discipline. \nArt.25. (1) În cererea de înscriere, candidaţii vor menţiona , în ordinea preferinţelor, opţiunile \nlor privind domeniul, forma de învăţământ (cu frecvenţă ), tipul subvenţiei (de la buget sau \ncu taxă ), limba în care doresc susţinerea probelor de concurs, disciplinele de concurs (după \ncaz).', 'de locuri vacante. \nArt.32.(1) Admiterea se face strict în ordinea descrescătoare a mediilor de admitere \nobţinute de candidaţi , în limita numărului de locuri aferent domeniilor de studii pe facultăţi , \npentru care se organizează concursul (locuri de la buget şi locuri cu taxă) . Departajarea \ncandidaţilor care au obţinut medii de admitere egale se face ţinând seama de criteriile \nconform Anexei PO.DID.05-A1. \n(2) Media minimă de admitere nu poate fi mai mică decât 5 (cinci). \n(3) Calendarul admiterii cuprinde date pentru afişarea rezultatelor preliminare, a rezultatelor \nintermediare şi a rezultatelor finale. De asemenea, calendarul cuprinde două etape de \nconfirmare şi una de completare a locurilor în urma eventualelor retrageri de după etapele \nde confirmare.', 'În cazul în care dosarul candidatului con ț inând actele în original a fost depus anterior la una din comisiile de admitere dinuniversitate, candidatul va putea confirma locul doar prin interac ț iunea cu platforma de admitere.\nAtât pentru un domeniu (op ț iune în cadrul unei facult ăț i) la care candidatul nu confirm ă  locul ocupat prin concurs, cât ş ipentru domeniile cu op ţ iune inferioar ă  din cadrul facult ăţ ii respective (la care, de asemenea, ar fi putut fi admis), candidatuleste eliminat din procesul de admitere.\nCandidatul este considerat ÎN CONCURS pentru toate op ț iunile la care nu a fost înc ă  admis.\n3. Rezultate intermediare\nLa afi ș area rezultatelor intermediare are loc:', 'În schimb, candidatul poate să își confirme locul și, în urma retragerilor, este posibil să \n""promoveze"" chiar la prima sa opțiune. \nNu lăsați pe ultima zi depunerea dosarului deoarece se pot crea timpi mai mari de așteptare \nîn cazul în care vor fi mai mulți candidați care doresc să depună dosarul. \n4 Dacă sunt admis la o opțiune de a mea inferioară și confirm locul, mai pot fi declarat \nadmis la o opțiune de a mea superioară? \nDa. Dacă se retrag suficiente persoane ""promovați"" automat la o opțiune de a \ndumneavoastră superioară. \nDe exemplu, dacă opțiunile dumneavoastră sunt AC-XX-B, AC-XX-T, AC-YY-B, AC-YY-T \nși sunteți declarați admiși la AC-YY-T și confirmați locul, dacă se retrag suficiente persoane \nputeți să ajungeți automat (fără a mai trebui să faceți vreo confirmare suplimentară) la AC-\nYY-B, AC-XX-T sau chiar la prima dumneavoastră opțiune (în cazul de față, AC-XX-B). \n5 Momentan sunt admis la o altă facultate de la TUIASI, dar prima mea opțiune este AC.', 'Universitatea Tehnică Procedura PO.DID.05 \n""Gheorghe Asachi"" din laşi de organizareşi desfăşurare a admiterii Ediţia: 9 I Revizia: 1 \nProrectoratul Didactic în ciclul de studii universitare de licenţă Pagina 15/16 \nExemplar nr. 1 \n( 4) Rezultatul concursului de admitere se stabileşte printr-un proces iterativ în funcţie de \nopţiunile exprimate de candidaţi. Atât pentru o opţiune la care candidatul nu confirmă locul \nocupat prin concurs, cât şi pentru opţiunile inferioare (la care, de asemenea, ar fi putut fi \nadmis), candidatul este eliminat din procesul de admitere. \n(5) Candidaţii care nu au fost declaraţi admişi vor fi menţinuţi în listele de admitere, aceştia \nputând fi admişi ulterior în urma retragerii altor candidaţi. \n(6) Candidaţii declaraţi admişi la o facultate, la afişarea rezultatelor finale vor avea la \ndispoziţie 48 de ore pentru a confirma locul obţinut, în aceleaşi condiţii ca în etapele \nanterioare de confirmare.', 'Candidatul este considerat ÎN CONCURS pentru toate op ț iunile la care nu a fost înc ă  admis.\n3. Rezultate intermediare\nLa afi ș area rezultatelor intermediare are loc:\nEliminarea din concurs a candida ț ilor de la op ț iunile la care au fost admi ș i ș i nu au confirmat pân ă  la termenul stabilitpentru confirmarea rezultatelor preliminareAdmiterea unor candida ț i la noi op ț iuni la care în etapa anterioar ă  au fost considera ț i ÎN CONCURS, în limita locuriloreliberate prin retragere sau neconfirmarePromovarea automat ă  a candidatului la o optiune superioar ă  în ordinea preferin ț elor de pe fi ș a de înscriere, în limitalocurilor eliberate prin retragere sau neconfirmare.Candidatul r ă mâne în concurs pentru op ț iunile la care nu a fost declarat admis înc ă .', 'a universităţii . \n(2) În cazuri deosebite, când din motive întemeiate candidatul nu se poate înscrie online, \nînscrierea candidaţilor se poate face cu programare prealabilă , personal, pe baza cărţii de \nidentitate/ paşaportului sau de o altă persoană pe bază de procură , şi constă în înscrierea \npe platforma universităţii , cu ajutorul comisiei de admitere. Înscrierea candidaţilor se face \nla fiecare facultate , în locurile amenajate special în acest scop. \n(3) Repartiţia dosarelor de înscriere către facultăţi , în vederea verificării acestora, se va \nrealiza de către facultăţile care sunt menţionate ca prime opţiuni ale candidaţilor. \nArt.20. (1) După înscrierea online, candidaţii vor confirma locul prin depunerea/ \ntransmiterea dosarului cu actele în original. \n(2) Dosarul de înscriere va conţine : \n- cerere de înscriere (Formularu l PO.DID.05-F1 ); \n- diploma de bacalaureat sau diploma echivalentă cu aceasta, în original sau în copie \nconformă cu originalul;', 'Candidatul este considerat ÎN CONCURS pentru toate op ț iunile la care nu a fost înc ă  admis.\n4. Rezultate finale\nLa afi ș area rezultatelor finale are loc:\nEliminarea din concurs a candida ț ilor de\xa0la optiunile la care au fost admi ș i ș i nu au confirmat pân ă  la termenul stabilitpentru confirmarea rezultatelor intermediare.Admiterea unor candida ț i la noi op ț iuni la care în etapa anterioar ă  au fost considera ț i ÎN CONCURS, în limita locuriloreliberate prin retragere sau neconfirmare.Promovarea automat ă  a candidatului la o op ț iune superioar ă  în ordinea preferin ț elor pe aceea ș i fi șă  de înscriere, în limitalocurilor eliberate prin retragere sau neconfirmare.\nAten ț ie! Facultatea de Arhitectur ă  ""G.M.Cantacuzino"", Facultatea de Automatic ă  ș i Calculatoare ș i celelalte facult ăț i TUIASI auzile diferite de afi ș are a rezultatelor finale.', 'Metodă de selecție\na. Informații generale cu privire la metoda de selecție\nLa înscriere se depune un singur dosar, iar admiterea la Facultatea de Automatică și Calculatoare se face după modalitatea prezentată la secțiunea Informații generale.\nb. Metoda de repartiție\nRepartizarea pe opțiuni a candidaților declarați admisi se va face în functie de Media de Admitere, în ordine descrescatoare, la prima opțiune exprimată în cererea de înscriere la care mai sunt locuri libere. \nPentru medii de admitere egale, departajarea se va face astfel:\nNota la testul grilăNota la Bacalaureat la disciplina Matematică/Informatică/FizicăNota la Bacalaureat la disciplina Limba Română (proba scrisă)\nc. Condiții speciale de admitere\nEchivalarea notei la testul grilă cu nota 10 pentru:', 'de Senatul universităţii , la propunerea Consiliului de Administraţie , care va include şi \nactivităţile aferente analizării contestaţiilor depuse în termen legal. Valoarea taxei de \nînscriere va fi anunţată , prin afişare , odată cu programul de înscriere. \n(2) Sunt scutiţi de plata taxelor de înscriere: \n- copiii personalului didactic şi didactic auxiliar în activitate sau pensionat; \n- candidaţii orfani de unul sau ambii părinţi ; \n- candidaţi proveniţi din familii monoparentale; \n- candidaţii proveniţi de la casele de copii sau din plasament familial; \n- candidaţii cu dizabilităţi ; \n- angajaţii sau copiii angajaţilor din cadrul Universităţii Tehnice ""Gheorghe Asachi"" din \nlaşi ; \n- candidaţii care au obţinut premii la concursurile profesionale organizate in \nuniversitate. Aceste scutiri se aplică numai la facultăţile care au această facilitate trecută în \nAnexa PO.DID.05-A2 şi numai la prima opţiune a candidatului;', 'coloana „ Opţiunea "" preferinţele sale pentru un anumit domeniu şi formă de finanţare : pentru \ndomeniul care reprezintă prima preferinţă va înscrie numărul 1, pentru următorul 2 ş.a.m . d . \nDacă există un domeniu/ formă de finanţare pentru care candidatul nu vrea să facă opţiune , \natunci va marca poziţia respectivă cu o linie (toate poziţiile din coloana „ Opţiunea "" trebuie \nsă fie înscrise, fie cu numărul care reprezintă preferinţa , fie cu o linie). \n(4) Pentru înscrierea la concursul de admitere a cetăţenilor statelor membre ale Uniunii \nEuropene, ai statelor aparţinând Spaţiului Economic European şi ai Confederaţiei \nElveţiene , candidaţii vor completa, la facultatea unde depun dosarul, o cerere de înscriere \n(Formularul PO.DID.05-F2) la care anexează actele stipulate la art.4 (2), cu menţiunile : \n- pentru cetăţenii statelor membre ale Uniunii Europene, ai statelor aparţinând \nSpaţiului Economic European şi ai Confederaţiei Elveţiene , diploma echivalentă cu diploma', 'Candidat - urmând pa ș ii 7 (logare în cont) →  8 (actualizare informa ț ii) →  3 (trimitere dosar înscriere lareverificare);Comisia de admitere - modific ă rile efectuate de comisia de admitere sunt vizibile candidatului în cont ș inecesit ă  validare din partea acestuia. Dosarul, cu modficarile agreate de c ă tre candidat, ajunge din nou lapasul 4, de analiz ă  din partea comisiei.\nDac ă  întâmpina ț i dificult ăț i în completarea formularului online de înscriere, pute ț i trimite un ticket folosindsistemul de tichete de la adresa suport.tuiasi.ro (https://suport.tuiasi.ro). V ă  rug ă m s ă  include ț i în email odescriere cât mai detailat ă  a problemei întâmpinate ș i a pa ș ilor care au condus la apari ț ia problemeirespective. Ar fi de ajutor ș i includerea unei capturi ecran.']",0.75,0.8154933274193238
Ce trebuie sa fac daca nu primesc emailul de confirmare?,"Dacă nu ai primit informațiile de autentificare pe email:

*   Asigură-te că ai introdus corect adresa de email și că o poți accesa.
*   Verifică folderul Spam/Junk.
*   Dacă tot nu ai primit informațiile, trimite un ticket prin sistemul de tichete de la adresa: suport.tuiasi.ro.
*   Include în ticket o descriere detaliată a problemei, pașii urmați și, dacă este posibil, o captură de ecran.","['Acestea sunt întreb ă rile cele mai frecvente ce ne sunt adresate\n\ue114Q1. Dup ă  o or ă  nu am primit informa ț iile de autentificare pe email. Cum trebuie sa procedez?\nAsigura ț i-v ă  c ă  a ț i introdus corect adresa de email ș i c ă  o pute ț i accesa. Verifica ț i ș i folderul Spam/Junk. În cazul în care tot nu a ț iprimit informa ț iile de conectare, pute ț i trimite un ticket folosind sistemul de tichete de la adresa suport.tuiasi.ro(https://suport.tuiasi.ro). V ă  rug ă m s ă  include ț i în email o descriere cât mai detailat ă  a problemei întâmpinate ș i a pa ș ilor care aucondus la apari ț ia problemei respective. Ar fi de ajutor ș i includerea unei capturi ecran.\n\ue080Q2. Nu am adres ă  de email. Cum m ă  înscriu?', '\ue080Q10. Dac ă  m ă  înscriu în ultima zi de înscrieri, dosarul meu va fi validat de c ă tre comisia de admitere în timp util?\nÎn ultima zi, înscrierea se poate face pân ă  la ora 12.00 pm astfel încât comisia de admitere s ă  dispun ă  de timpul necesar verific ă riituturor dosarelor.\n\ue080Q11. Pot înc ă rca în dosarul de admitere online imagini preluate cu telefonul ale documentelor solicitate (carte deidentitate, diplome, adeverin ț e, etc.)?\nDa, dar asigurati-v ă  c ă  imaginile transmise sunt clare, lizibile ș i cuprind întregul document fotografiat. Dac ă  documentul solicitat aremai multe pagini, asigura ț i-v ă  c ă  acestea sunt concatenate într-un singur fi ș ier!\n\ue080Q12. Cum dovedesc autenticitatea ș i validitatea informa ț iilor completate în dosarul de admitere ș i a actelor înc ă rcate?', 'Candidatul este notificat prin email ș i telefonic c ă  sunt necesare corecturi la dosar.Stare dosar: NECESIT Ă  CORECTURI\nCorecturile pot fi efectuate de c ă tre:\n4/22/26, 4:09 PM Universitatea Tehnică ""Gheorghe Asachi"" din Iași - Admitere 2025\nhttps://www.admitere.tuiasi.ro/licenta/index.php 3/7', 'ATEN Ț IE: email-ul primit con ț ine un cod de activare care poate fi utilizat timp de 5 ore! Verific ă  ș i directorulSpam/Junk al contului t ă u de e-mail!\nLink-ul web primit în e-mail te va conduce spre o pagin ă  care î ț i va permite s ă  î ț i creezi parola de acces acontului t ă u.\nAcceseaz ă  link-ul Autentificare disponibil în pagin ă  în partea din dreapta sus, lâng ă  link-ul de Înregistrare ș iautentific ă -te în cont utilizând adresa de e-mail ș i parola creat ă  în pasul anterior! Selecteaz ă , în pasul urm ă tor,dac ă  te încadrezi într-una dintre situa ț iile speciale afi ș ate.\nIII. Completarea formularului\nPentru aceast ă  etap ă , v ă  rug ă m s ă  utiliza ț i ultimele versiuni ale browser-elor Mozilla Firefox sau Chrome.\nLa op ț iunile de înscriere, candidatul va ad ă uga, în ordinea preferin ț elor, op ț iunile pe domenii ș i forme definan ț are (buget / tax ă ). Componenta de selec ț ie este organizat ă  dup ă  cum urmeaz ă :', '\ue080Q14. Am r ă spuns e-mail-ului în care am primit datele de conectare pe platform ă , dar nu am primit nici un r ă spuns.De ce?\nContul de e-mail utilizat pentru interac ț iunea cu dumneavoastr ă  este un cont dedicat platformei de admitere ș i nu este monitorizatde c ă tre un utilizator uman. V ă  reamintim c ă  datele de contact valide sunt disponibile în pagina Contact(https://www.admitere.tuiasi.ro/licenta/contact.php)!\n\ue080Q15. Ce se întâmpl ă  dac ă  am adus dosarul în original la una din facult ăț ile la care am fost admis, dar nu am confirmatlocul in platform ă ?\nÎn cazul în care candidatul nu confirm ă  în platform ă  prin ap ă sarea butonului Confirm ă  din contul personal, la finalul termenului deconfirmare afi ș at pe lista de rezultate, acesta este declarat respins la op ț iunea la care nu a confirmat.\n\ue080Q16. Dac ă  am fost admis la o alt ă  facultate decât prima mea op ț iune, unde trebuie s ă  depun dosarul?', 'Candida ț ii declara ț i admi ș i la o facultate la afi ș area rezultatelor de la ultimul termen de confirmare prev ă zut în calendarul deadmitere al unei sesiuni, vor avea la dispozi ț ie 48 de ore pentru a confirma locul ob ț inut, în acelea ș i condi ț ii ca în etapeleanterioare de confirmare.La expirarea acestui termen, to ț i candida ț ii declara ț i admi ș i ș i care au confirmat pentru o facultate, vor fi elimina ț i (retra ş i) dinlistele tuturor celorlalte facult ăț i (din acel moment r ă mân în listele facult ăț ilor doar candida ț ii care nu au fost admi ș i la nici ofacultate din universitate în sesiunea curent ă ).', '\ue080Q8. Cum fac dovada pl ăț ii taxei de admitere?\nÎncarc ă  în contul t ă u de pe platforma admitere.tuiasi.ro o copie scanat ă  dup ă  ordinul de plat ă  prin care ai efectuat viramentul. Platatrebuie efectuat ă  înainte de a transmite dosarul la comisia de admitere.Dac ă  un candidat a pl ă tit taxa prin portalul taxe.tuiasi.ro, acesta trebuie s ă  introduc ă  în c ă su ț a corespunz ă toare din formular doarnum ă rul reprezentând referin ț a pl ăț ii, primit pe email. Fi ș ierul cu dovada pl ăț ii taxei trebuie ad ă ugat doar dac ă  plata s-a efectuat altfeldecât prin taxe.tuiasi.ro.\n\ue080Q9. Dac ă  m-am r ă zgândit în privin ț a op ț iunilor mai pot modifica dosarul de înscriere?\nDa, dar numai înainte ca dosarul s ă  ajung ă  în starea FINALIZAT. V ă  recomand ă m s ă  contacta ț i în cel mai scurt timp comisia deadmitere la care v-a ț i înscris cu prima op ț iune.\n\ue080Q10. Dac ă  m ă  înscriu în ultima zi de înscrieri, dosarul meu va fi validat de c ă tre comisia de admitere în timp util?', 'Situa ț ie înscrieri (/licenta/situatie_inscrieri.php)\nRezultate admitere (/licenta/rezultate_admitere.php)\nÎntreb ă ri frecvente (/licenta/intrebari.php)\nContact (/licenta/contact.php)\n  \n4/22/26, 4:09 PM Universitatea Tehnică ""Gheorghe Asachi"" din Iași - Admitere 2025\nhttps://www.admitere.tuiasi.ro/licenta/index.php 1/7', '\ue080Q12. Cum dovedesc autenticitatea ș i validitatea informa ț iilor completate în dosarul de admitere ș i a actelor înc ă rcate?\nConform reglement ă rilor legale în vigoare, prin transmiterea dosarului electronic c ă tre comisia de admitere, candidatul î ș i asum ăresponsabilitatea cu privire la autenticitatea ș i coresponden ț a dintre documentele, digitale/scanate ș i cele originale.\n\ue080Q13. Dosarul meu a fost validat, dar în cererea de înscriere nu se v ă d diacriticele. De ce se întâmpl ă  acest lucru? Datelemele sunt înregistate corect?\nDatele dumneavoastr ă  sunt înregistrate corect. Font-urile utilizate în generarea fi ș ierelor PDF nu sunt compatibile cu toate aplica ț iilede tip PDF Viewer. Instala ț i aplica ț ia Adobe Acrobat Reader DC disponibil ă  aici (https://get.adobe.com/ro/reader/) ș i redeschide ț icererea cu aceast ă  aplica ț ie.\n6/1/26, 10:56 AM Universitatea Tehnică ""Gheorghe Asachi"" din Iași - Admitere 2025\nhttps://www.admitere.tuiasi.ro/licenta/intrebari.php 2/3', '\ue080Q2. Nu am adres ă  de email. Cum m ă  înscriu?\nV ă  rug ă m s ă  v ă  crea ț i un cont de email. Cele mai populare servicii de email sunt cele oferite de Google, Yahoo!. Dac ă  întâmpina ț igreut ăț i, contacta ț i comisia de admitere de la facultatea la care dori ț i s ă  v ă  înscrie ț i cu prima op ț iune. Nu sunt compatibile adresecorespunz ă toare domeniilor hotmail.com, live.com, outlook.com ș i msn.com .\n\ue080Q3. Nu am posibilitatea s ă -mi completez dosarul de admitere on-line. Cum pot s ă  m ă  înscriu?\nPreg ă ti ț i toate actele solicitate în procedura de admitere, în original ș i în copie simpl ă . Contacta ț i în cel mai scurt timp comisia deadmitere a facult ăț ii care reprezint ă  prima dumneavoastr ă  op ț iune pentru a afla cum v ă  pute ț i înscrie direct la facultate.\n\ue080Q4. Dac ă  vreau s ă  m ă  înscriu la mai multe facult ăț i, o pot face cu un singur dosar?', '3 \n \nUNIVERSITATEA TEHNICĂ „GHEORGHE ASACHI” DIN IAȘI \nFacultatea de Automatica si Calculatoare \n7 După ultima actualizare nu mă regăsesc pe nicio listă? \nPuteți verifica statusul dosarului dumneavoastră din contul de pe site- ul de admitere \nhttps://www.admitere.tuiasi.ro/. De asemenea, puteți să verificați la adresa \nhttps://www.admitere.tuiasi.ro/licenta/rezultate_admitere.php selectând facultatea la care \nv-ați înscris, iar apoi vizualizați ""Lista candidaților înscriși (în ordinea numărului de dosar)"". \nAcolo veți vedea pe care listă și pe care poziție vă aflați. \n8 Ce trebuie să fac ca să îmi retrag dosarul? \nCandidații care au ca primă opțiune AC și vor să-și retragă dosarul trebuie să urmeze cele \nprecizare la secțiunea Renunțarea la locul ocupat prin concurs, care este disponibilă după \nafișarea preliminară a rezultatelor.', 'ATEN Ț IE: Dosarul aflat în starea INI Ț IAT NU este disponibil comisiilor de admitere ale facult ăț ilor. Va trebui s ăcompletezi restul datelor solicitate în formular ș i s ă  ac ț ionezi butonul Înscriere.']",1.0,0.8272639854042788
Ce facilitati au candidatii olimpici la admitere?,"Candidații care au obținut distincții (premiile I, II, III sau mențiune) la olimpiade școlare naționale/internaționale recunoscute de Ministerul Educației sau premii la concursurile organizate de facultățile din cadrul TUIASI beneficiază de următoarele facilități:

*   **Admitere fără concurs:** Dreptul de a fi admiși fără susținerea concursului de admitere pe locuri finanțate de la buget.
*   **Scutire de taxe:** Posibilitatea de a fi admiși fără plata taxei de admitere.
*   **Echivalări:**
    *   Echivalarea notei la testul grilă cu nota 10 (pentru anumite premii la olimpiade internaționale/naționale sau concursuri specifice, conform regulamentelor).
    *   Echivalarea mediei generale de la Bacalaureat cu nota 10 (pentru candidații cu media la bacalaureat >= 8.00 care dețin anumite distincții specifice).

**Condiții obligatorii:**
*   Candidații trebuie să menționeze distincțiile în formularul de înscriere.
*   Este obligatorie prezentarea diplomei în original care atestă distincția obținută.
*   Corelarea disciplinelor și condițiile specifice pentru fiecare facultate sunt detaliate în Anexa TUIASI.PO.DID.05.","['distincţii (premiile I, li, III, menţiune) la olimpiadele şcolare i nternaţionale . recunoscute de \nMinisterul Educaţiei şi Cercetării şi/sau premiul I la olimpiade naţionale , finanţate de \nMinisterul Educaţiei şi Cercetării beneficiază de dreptul de a fi admişi , fără susţinerea \nconcursului de admitere, pe locuri finanţate de la buget. Candidaţii trebuie să prezinte \ndiploma în original care să ateste distincţia obţinută . Fiecare facultate poate corela \ndisciplinele şcolare la care au fost obţinute premiile cu domeniile de studii pentru care se \norganizează admiterea la studii (Anexa PO.DID.05-A2). \n(4) Candidaţii care au obţinut premii şi distincţii la concursuri si olimpiade nationale, la \nconcursuri organizate de facultăţile din Universitatea Tehn i că „Gheorghe Asachi"" din laşi , \nbeneficiază de dreptul de a fi admişi , fără susţinerea concursului de admitere şi/sau fără \ntaxă de admitere, pe locuri finanţate de la buget, conform cu regulamentele de desfăşurare', 'Candida ț ii care au ob ț inut în perioada liceului distinc ț ii (premiile I, II, III sau men ț iune) la olimpiade ș colarena ț ionale / interna ț ionale recunoscute de Ministerul Educa ț iei Na ț ionale sau cei care au ob ț inut premii ș idistinc ț ii la concursurile organizate de facult ăț ile din Universitatea Tehnic ă  „Gheorghe Asachi” din Ia ș i le vortrece în formularul de înscriere, întrucât beneficiaz ă  de dreptul de a fi admi ș i f ă r ă  sus ț inerea concursului deadmitere sau de scutire de tax ă , pe locuri finan ț ate de la buget. Mai multe detalii în Anexa TUIASI.PO.DID.05(http://www.tuiasi.ro/wp-content/uploads/2025/02/PO.DID_.05_A2-Conditii-speciale-admitere_Senat.doc), cucondi ț ii specifice pentru fiecare facultate. Candida ț ii vor prezenta diploma în original care s ă  ateste distinc ț iaob ț inut ă .', 'Dac ă  nu au fost necesare corecturi/dup ă  ce ai realizat corecturile impuse de comisia de admitere, dosarul t ă utrece în starea FINALIZAT ș i e ș ti înscris în concursul de admitere la Universitatea Tehnic ă  „Gheorghe Asachi” dinIa ș i.\nÎn aceast ă  stare, vei putea s ă  descarci oricare din fi ș ele de înscriere la concursul de admitere ap ă sând pe oricarefacultate pentru care a ț i optat!\nDistribuirea candida ț ilor se face pe facult ăț i ș i pe domenii, în ordinea descresc ă toare a mediilor, în func ț ie deop ț iuni.\nMedia de admitere se stabile ș te pe baza criteriilor disponibile în Anexa TUIASI.PO.DID.05(https://www.tuiasi.ro/licenta/metode-de-selectie/).\nPentru mai multe detalii despre procedura de organizare ș i desf ăș urare a admiterii la TUIASI, vizita ț ihttps://www.tuiasi.ro/licenta/proceduri-admitere/ (https://www.tuiasi.ro/wp-content/uploads/2025/02/PO.DID_.05-E9R1-aprobata-Senat-fara-semnaturi.pdf)\nMult succes!', 'a universităţii . \n(2) În cazuri deosebite, când din motive întemeiate candidatul nu se poate înscrie online, \nînscrierea candidaţilor se poate face cu programare prealabilă , personal, pe baza cărţii de \nidentitate/ paşaportului sau de o altă persoană pe bază de procură , şi constă în înscrierea \npe platforma universităţii , cu ajutorul comisiei de admitere. Înscrierea candidaţilor se face \nla fiecare facultate , în locurile amenajate special în acest scop. \n(3) Repartiţia dosarelor de înscriere către facultăţi , în vederea verificării acestora, se va \nrealiza de către facultăţile care sunt menţionate ca prime opţiuni ale candidaţilor. \nArt.20. (1) După înscrierea online, candidaţii vor confirma locul prin depunerea/ \ntransmiterea dosarului cu actele în original. \n(2) Dosarul de înscriere va conţine : \n- cerere de înscriere (Formularu l PO.DID.05-F1 ); \n- diploma de bacalaureat sau diploma echivalentă cu aceasta, în original sau în copie \nconformă cu originalul;', 'Dacă media la bacalaureat este mai mare sau egală cu 8.00 si există dovada obţinerii uneia dintre \nurmătoarele distincţii: \n(i) Candidaţii care au obţin ut premiile II sau III la Secţiunea „Junior Dev"" din cadrul \nConcursului „IT Marathon"", organizat în cadrul Facultăţii de Automatică şi Calculatoare \ndin laşi; \n(ii) Candidaţii care, în clasele IX - XII (în perioada 2022-2025), au luat premiile II, III sau \nmedalii de aur, argint sau bronz la etapa naţională a olimpiadelor finanţate de Ministerul \nEducaţiei şi Cercetării (domeniul Matematică şi Ştiinţe - disciplinele Matematică şi \nFizică ; domeniul Informatică - disciplina Informatică);  \n(iii)  Membrii echipelor, Secţiunea Control a concursului FIRST Tech Challenge ROMANIA, \netapă naţională (locurile 1,2 şi 3) şi etapa regională (locul 1) în anii 2024, 2025, care la \nmomentul desfăşurării concursului First Tech Challenge erau în clasa a XI a sau a XII a.', 'c. Condiții speciale de admitere\nEchivalarea notei la testul grilă cu nota 10 pentru:\n(i) Candidaţii care au obţinut, în perioada studiilor liceale (2023-2026), premiile I, II sau III la olimpiade şcolare internaţionale recunoscute de Ministerul Educaţiei: competiția II Matematică și Științe – Olimpiada Internațională de Matematică și Olimpiada Internațională de Fizică; competiția IV Tehnologii – Olimpiada Internațională de Informatică – IOI;\n(ii) Candidații care au obținut premiul I la olimpiade naţionale finanţate de Ministerul Educaţiei: domeniul Matematică și Științe – disciplinele Matematică și Fizică; domeniul Informatică – disciplina Informatică;\n(iii) Candidaţii care au obţinut premiul I la Secţiunea „Junior Dev” din cadrul Concursului „IT Marathon”, organizat în cadrul Facultății de Automatică și Calculatoare din Iași;\nEchivalarea mediei generale de la Bacalaureat cu nota 10:', 'Bine ai venit!\nAcest site este dedicat înscrierii online la concursul de admitere la studiile universitare de licen țăorganizat de Universitatea Tehnic ă  “Gheorghe Asachi” din Ia ș i.\nPerioadele de desf ăș urare a concursului de admitere ș i metoda de selec ț ie a candida ț ilor leg ă se ș ti la adresa https://www.tuiasi.ro/licenta (https://www.tuiasi.ro/licenta).\n> Nout ăț i> Calendar admitere> Înscrierea online pas cu pas> Procesul de admitere\nCalendar admitere\nUNIVERSITATEA TEHNIC Ă  ""GHEORGHE ASACHI"" DIN IA Ș I\nla concursul de admitere la studii universitare de licen țăsesiunea 2025\nBine ai venit! (/licenta/index.php)\nManual de utilizare (/licenta/manual_utilizare.php)\nÎnscriere online (/licenta/inscriere_online.php)\nSitua ț ie înscrieri (/licenta/situatie_inscrieri.php)\nRezultate admitere (/licenta/rezultate_admitere.php)\nÎntreb ă ri frecvente (/licenta/intrebari.php)\nContact (/licenta/contact.php)', '\ue080Q5. Care este diferen ț a dintre dosarul de concurs ș i fi ș a de înscriere?\nPentru admiterea la studiile universitare de licen ță , dosarul de concurs este format dintr-o singur ă  fi șă  de înscriere care va con ț ineop ț iunile candidatului. Termenul ""op ț iune"" se refer ă  la o grupare format ă  din facultate, domeniu ș i form ă  de finan ț are (buget sautax ă ).\nUNIVERSITATEA TEHNIC Ă  ""GHEORGHE ASACHI"" DIN IA Ș I\nla concursul de admitere la studii universitare de licen țăsesiunea 2025\nBine ai venit! (/licenta/index.php)\nManual de utilizare (/licenta/manual_utilizare.php)\nÎnscriere online (/licenta/inscriere_online.php)\nSitua ț ie înscrieri (/licenta/situatie_inscrieri.php)\nRezultate admitere (/licenta/rezultate_admitere.php)\nÎntreb ă ri frecvente (/licenta/intrebari.php)\nContact (/licenta/contact.php)\n  \n6/1/26, 10:56 AM Universitatea Tehnică ""Gheorghe Asachi"" din Iași - Admitere 2025\nhttps://www.admitere.tuiasi.ro/licenta/intrebari.php 1/3', 'Echivalarea mediei generale de la Bacalaureat cu nota 10:\nDacă media la bacalaureat este mai mare sau egală cu 8.00 și există dovada obținerii uneia dintre următoarele distincții:\n(i) Candidaţii care au obţinut premiile II sau III la Secţiunea „Junior Dev” din cadrul Concursului „IT Marathon”, organizat în cadrul Facultății de Automatică și Calculatoare din Iași;\n(ii) Candidaţii care, în clasele IX – XII (ȋn perioada 2023-2026), au luat premiile II, III sau medalii de aur, argint sau bronz la etapa națională a olimpiadelor finanțate de Ministerul Educației: domeniul Matematică și Științe – disciplinele Matematică și Fizică; domeniul Informatică – disciplina Informatică;\n(iii) Membrii echipelor, Secțiunea Control a concursului FIRST Tech Challenge ROMANIA, etapă națională (locurile 1,2 și 3) și etapa regională (locul 1) în anii 2025, 2026, care la momentul desfășurării concursului First Tech Challenge erau în clasa a XI-a sau a XII-a.', 'afecţiuni incompatibile cu viitoarea profesie; \n- dovada achitării taxei de înscriere de 80 euro. \nDosarele candidaţilor care vor primi avizul facultăţilor şi vor promova concursul de \nadmitere vor fi transmise la Ministerul Educaţiei şi Cercetării - Direcţia Generală Relaţii \nInternaţionale şi Afaceri Europene pentru obţinerea Scrisorii de acceptare la studii. \nArt.21. Candidaţii care au promovat examenul de bacalaureat în sesiunea iulie sau în \nsesiunea august - septembrie în anul în care participă la admitere, pot prezenta la înscriere, \nîn locul diplomei de bacalaureat, adeverinţa eliberată de liceu.', 'Pentru admiterea la studiile universitare de master, dosarul de concurs este format din una sau mai multe fi ș e de înscriere; câte o fi șăde înscriere pentru fiecare facultate la care dori ț i s ă  v ă  înscrie ț i.\n\ue080Q6. Cum pot realiza confirmarea locului pe care am fost admis ș i ce trebuie s ă  fac în continuare?\nO reprezentare vizual ă  ș i informa ț ii detailate referitoare la procesul de de admitere ș i de confirmare a locului se g ă sesc la adresa:https://www.admitere.tuiasi.ro/licenta/index.php#admitere (https://www.admitere.tuiasi.ro/licenta/index.php#admitere).Pentru mai multe detalii despre procedura de organizare ș i desf ăș urare a admiterii la TUIASI, vizita ț ihttps://www.tuiasi.ro/licenta/proceduri-admitere/ (https://www.tuiasi.ro/licenta/proceduri-admitere/).\n\ue080Q7. Cum pl ă tesc taxa de admitere?', 'de locuri vacante. \nArt.32.(1) Admiterea se face strict în ordinea descrescătoare a mediilor de admitere \nobţinute de candidaţi , în limita numărului de locuri aferent domeniilor de studii pe facultăţi , \npentru care se organizează concursul (locuri de la buget şi locuri cu taxă) . Departajarea \ncandidaţilor care au obţinut medii de admitere egale se face ţinând seama de criteriile \nconform Anexei PO.DID.05-A1. \n(2) Media minimă de admitere nu poate fi mai mică decât 5 (cinci). \n(3) Calendarul admiterii cuprinde date pentru afişarea rezultatelor preliminare, a rezultatelor \nintermediare şi a rezultatelor finale. De asemenea, calendarul cuprinde două etape de \nconfirmare şi una de completare a locurilor în urma eventualelor retrageri de după etapele \nde confirmare.']",,0.7184996072409207
Care sunt taxele de scolarizare si modalitatile de plata?,"Iată informațiile privind taxele de școlarizare și modalitățile de plată:

*   **Taxa de școlarizare:** 4500 lei/an pentru studenții înmatriculați pe loc la taxă.
*   **Taxa de înscriere:**
    *   400 lei dacă prima opțiune este la Facultatea de Arhitectură „G.M. Cantacuzino” sau la Facultatea de Automatică și Calculatoare.
    *   200 lei dacă prima opțiune este la o altă facultate a TUIASI.
    *   Taxă suplimentară de 200 lei pentru înscrierea la mai mult de trei facultăți.
*   **Modalitate de plată:** Plata taxei de înscriere se realizează prin intermediul platformei https://taxe.tuiasi.ro/. La completarea formularului de înscriere, veți primi un link către site-ul de taxe cu informațiile necesare plății deja completate.","['* Taxa de școlarizare pentru studenții înmatriculați pe loc la taxă este de 4500 lei/an.', 'regulament. \n(2) Cuantumul taxei de studiu, stabilită în funcţie de costurile specifice şcolarizării , se \naprobă de Senatul universităţii şi se anunţă candidaţilor cu cel puţin 15 zile înainte de \nînceperea admiterii. \n(3) Statutul de student fără taxă se păstrează , potrivit legii, pentru o durată de şcolarizare \negală cu durata normală a studiilor la specializarea respectivă , corelat cu art. 9 din prezenta \nprocedură . \n(4) Statutul de student cu taxă se modifică în condiţiile stabilite de Senatul universitar. \nUniversitatea Tehnică ""Gheorghe Asachi"" din laşi va face la începutul fiecărui an universitar \nevaluarea locurilor finanţate de la bugetul de stat rămase disponibile, pentru a fi ocupate \nde studenţii înscrişi cu taxă , în ordinea descrescătoare a clasificării lor şi în limita numărului \nde locuri vacante. \nArt.32.(1) Admiterea se face strict în ordinea descrescătoare a mediilor de admitere', 'Informa ț iile legate de modalitatea de plat ă  a taxei de înscriere sunt disponibile ș i aici (intrebari.php).\nATEN Ț IE: Dac ă  prima op ț iune este la Facultatea de Arhitectur ă  ""G.M.Cantacuzino"" sau la Facultatea de Automatic ă  ș iCalculatoare, atunci taxa este de 400 lei. Altfel, dac ă  prima op ț iune este la o alt ă  facultate a TUIASI, atunci taxa este de 200 lei.Dac ă  dori ț i s ă  v ă  înscrie ț i la mai mult de trei facult ăț i, trebuie pl ă tit ă  o tax ă  suplimentar ă  de 200 lei.', 'Cerere pentru scutire de taxă și unul din următoarele acte (copie scanată):adeverința de salariat a unuia din părinți eliberată de unitatea de învățământ (pentru salariații din învățământul preuniversitar, adeverința trebuie să fie vizată de Inspectoratul Școlar);adeverință că unul din părinți a funcționat în învățământ (pentru candidații ai căror părinți s-au pensionat din învățământ);adeverință de salariat (a unuia din părinți), în cazul în care acesta este angajat al Universității tehnice „Gheorghe Asachi” din Iași;adeverință de salariat, în cazul în care candidatul este angajat al Universității tehnice „Gheorghe Asachi” din Iași;adeverință de asistat social pentru cei din casele de copii și din plasament familial;certificatele de deces ale ambilor părinți pentru candidații orfani;act doveditor pentru candidații proveniți din familii monoparentale și declarație pe propria răspundere din partea părintelui că nu s-a recăsătorit;diplomă IT Marathon.', 'Sunt scuti ţ i de plata taxelor de înscriere:copiii personalului didactic ş i didactic auxiliar în activitate sau pensionat;candida ţ ii orfani de ambii p ă rin ţ i;candida ţ ii proveni ţ i de la casele de copii sau din plasament familial;candida ţ i proveni ţ i din familii monoparentale;candida ţ ii cu dizabilit ăţ i;angaja ţ ii sau copiii angaja ţ ilor din cadrul Universit ăţ ii Tehnice ""Gheorghe Asachi"" din Ia ş i;candida ț ii care au ob ţ inut premii la concursurile profesionale organizate in universitate;candida ț ii din categoria români de pretutindeni.\nPasul 4. Înc ă rcare documente suport\nDocumentele care trebuie înc ă rcate în momentul în care se completeaz ă  fi ș a de înscriere sunt:', 'cuantumului minim al taxelor de şcolarizare , în valută , a cetăţenilor care studiază pe \ncont propriu în România, din state care nu sunt membre ale Uniunii Europene, precum \nşi din cele care nu fac parte din Spaţiul Economic European şi din Confederaţia \nElveţiană ; \n3.3. H.G. nr. 1030/2024 privind aprobarea privind aprobarea Nomenclatorului domeniilor ş i \nal specializărilor/programelor de studii universitare şi a structurii instituţiilor de \nînvăţământ superior pentru anul universitar 2024/2025; \n3.4. Ordinul Ministrului Educaţiei nr. 3693 din 1 februarie 2024 pentru aprobarea \nMetodologiei-cadru privind organizarea admiterii în învăţământul superior în ciclurile de \nstudii universitare de scurtă durată , de licenţă , de master şi de doctorat; \n3.5. Metodologia de şcolarizare a tinerilor de origine etnică română şi a cetăţenilor cu \ndomiciliul în străinătate , în învăţământul din România, începând cu anul şcolar 2017-\n2018, Anexa 2 la OMEN 3900/16.05.2017;', 'Dac ă  una din fi ș e este la Facultatea de Arhitectur ă  ""G.M.Cantacuzino"", atunci taxa este de 400 lei. Cu aceast ă  tax ă  po ț i depunefi ș e de înscriere adi ț ionale, la oricare din celelalte facult ăț i ale TUIASI.Dac ă  una din fi ș e este la Facultatea de Automatic ă  ș i Calculatoare, atunci taxa este de 400 lei. Cu aceast ă  tax ă  po ț i depune fi ș ede înscriere adi ț ionale, la oricare din celelalte facult ăț i ale TUIASI, mai pu ț in la Facultatea de Arhitectur ă .Dac ă  dosarul t ă u con ț ine una sau mai multe fi ș e de înscriere la facult ăț ile din cadrul TUIASI, cu excep ț ia Facult ăț ii de Arhitectur ăș i a Facult ăț ii de Automatic ă  ș i Calculatoare, atunci taxa este de 200 lei.Dac ă  dori ț i s ă  v ă  înscrie ț i la mai mult de trei facult ăț i, trebuie pl ă tit ă  o tax ă  suplimentar ă  de 200 lei.\n\ue080Q8. Cum fac dovada pl ăț ii taxei de admitere?', 'de Senatul universităţii , la propunerea Consiliului de Administraţie , care va include şi \nactivităţile aferente analizării contestaţiilor depuse în termen legal. Valoarea taxei de \nînscriere va fi anunţată , prin afişare , odată cu programul de înscriere. \n(2) Sunt scutiţi de plata taxelor de înscriere: \n- copiii personalului didactic şi didactic auxiliar în activitate sau pensionat; \n- candidaţii orfani de unul sau ambii părinţi ; \n- candidaţi proveniţi din familii monoparentale; \n- candidaţii proveniţi de la casele de copii sau din plasament familial; \n- candidaţii cu dizabilităţi ; \n- angajaţii sau copiii angajaţilor din cadrul Universităţii Tehnice ""Gheorghe Asachi"" din \nlaşi ; \n- candidaţii care au obţinut premii la concursurile profesionale organizate in \nuniversitate. Aceste scutiri se aplică numai la facultăţile care au această facilitate trecută în \nAnexa PO.DID.05-A2 şi numai la prima opţiune a candidatului;', '(4) Numărul total de locuri şcolarizate pentru fiecare program de studii (locuri finanţate de \nla buget + locuri cu taxă) poate fi cel mult egal cu capacitatea de şcolarizare stabilită în \nurma evaluării externe realizată în conformitate cu legislaţia în vigoare. \nArt.3.(1) Admiterea în ciclul de studii universitare de licenţă se organizează pe universitate, \ncu distribuirea candidaţilor pe facultăţi şi domenii de studiu. \n(2) Metodele de selecţie a candidaţilor pentru facultăţile din cadrul Universităţii Tehnice \n„Gheorghe Asachi"" din laşi sunt precizate în Anexa PO.DID.05-A 1 şi trebuie avute în vedere \nde candidaţi , în funcţie de opţiunile pe care aceştia le fac. \n(3) Candidaţii la studiile universitare de licenţă care au obţinut , în perioada studiilor liceale, \ndistincţii (premiile I, li, III, menţiune) la olimpiadele şcolare i nternaţionale . recunoscute de \nMinisterul Educaţiei şi Cercetării şi/sau premiul I la olimpiade naţionale , finanţate de', 'Taxă de înscriere\nTaxa de înscriere la concursul de admitere este în valoare de 400 lei.Plata taxei de înscriere se realizează prin intermediul platformei https://taxe.tuiasi.ro/.La completarea formularului de înscriere veți avea un link către site-ul de taxe, unde vor fi gata completate informațiile necesare plății taxei.\nSunt scutiți de plata taxei candidații care sunt:\ncopiii personalului didactic și didactic auxiliar aflat în activitate sau pensionar;copiii orfani de unul sau ambii părinți;candidaţi proveniţi din familii monoparentale (Informații familii monoparentale)candidații proveniți din casele de copii sau din plasament familial;candidaţii cu dizabilităţi;angajații sau copiii angajaților Universității Tehnice „Gheorghe Asachi” din Iași;câștigătorii premiului I “Junior Dev” din cadrul concursului IT Marathon.\nCandidații scutiți de plata taxei vor completa dosarul cu:', 'aceasta/diplom ă  de absolvire, în copie scanata (pentru cei care doresc s ă  urmeze o adoua specializare);g. Dovada achit ă rii taxei de înscriere / dovada îndeplinirii condi ț iilor scutirii de tax ă ;h. Alte documente stabilite de Comisia de admitere pe facultate (de exemplu foaia matricol ă , anex ă  la diploma de bacalaureat) – pentruinforma ț ii suplimentare candida ț ii sunt invita ț i s ă  accesa ț i pagina web a facult ăț ii care reprezint ă  prima op ț iune.', 'ATEN Ț IE: Te po ț i înscrie cu un singur dosar ș i o singura tax ă ! Taxa care trebuie pl ă tit ă  difer ă  în func ț ie de facultatea la care este primavoastr ă  op ț iune:']",1.0,0.9785895053330002
Exista locuri speciale pentru candidatii din mediul rural?,"Da, există locuri alocate pentru candidații din mediul rural:

*   **Calculatoare și tehnologia informației (CTI):** 4 locuri.
*   **Automatică și informatică aplicată (AIASI):** 2 locuri.","['Număr de locuri pentru domeniu de studii: Calculatoare și tehnologia informației (CTI)\nPrograme de studii: Calculatoare și Tehnologia informației\n\nNumăr locuri buget: 171 locuri\nNumăr locuri taxă: 11 locuri*\nNumăr locuri protecție socială / cerințe educaționale speciale : 1 loc\nNumăr locuri mediu rural: 4 loc\nNumăr locuri persoane de etnie romă: 1 loc\nNumăr locuri SRI: 6 locuri (doar pentru candidații care au susținut probele de la SRI)\nNumăr locuri STS: 2 locuri\nNumăr locuri români de pretutindeni cu bursă: 9 locuri\nNumăr locuri români de pretutindeni fără bursă, fără taxă: 2 locuri\n* Taxa de școlarizare pentru studenții înmatriculați pe loc la taxă este de 4500 lei/an.', 'Număr de locuri pentru domeniu de studii: Automatică, informatică aplicată și sisteme inteligente (AIASI)\nProgram de studii: Automatică și informatică aplicată\n\nNumăr locuri buget: 150 locuri\nNumăr locuri taxă: 15 locuri*\nNumăr locuri protecție socială / cerințe educaționale speciale: 1 loc\nNumăr locuri mediu rural: 2 locuri\nNumăr locuri persoane de etnie romă: 1 loc\nNumăr locuri SRI: 1 loc (doar pentru candidații care au susținut probele de la SRI)\nNumăr locuri români de pretutindeni cu bursă: 6 locuri\nNumăr locuri români de pretutindeni fără bursă, fără taxă: 2 locuri\n\n\nNumăr de locuri pentru domeniu de studii: Calculatoare și tehnologia informației (CTI)\nPrograme de studii: Calculatoare și Tehnologia informației', 'primi punctaj nul la aceste discipline. \nArt.25. (1) În cererea de înscriere, candidaţii vor menţiona , în ordinea preferinţelor, opţiunile \nlor privind domeniul, forma de învăţământ (cu frecvenţă ), tipul subvenţiei (de la buget sau \ncu taxă ), limba în care doresc susţinerea probelor de concurs, disciplinele de concurs (după \ncaz).', 'superior de stat în limba minorităţii respective; \nb) sistemului de protecţie socială; \nc) persoanelor cu dizabilităţi . \nÎn cazul în care aceste locuri nu se ocupă , acestea vor fi redistribuite către ceilalţi candidaţi . \n(3) Numărul de locuri cu taxă se stabileşte de Senatul universităţii , la propunerea Consiliului \nde Administraţie , în concordanţă cu capacitatea maximă de şcolarizare stabilită de Agenţia \nRomână de Asigurare a Calităţii în Învăţământul Superior, cu cerinţele pieţei forţei de \nmuncă , cu planul strategic şi operaţional de dezvoltare instituţională . \nCuantumul taxei de şcolarizare este propus de Consiliul de administraţie , aprobat de \nSenatul universitar şi se aduce la cunoştinţa candidaţilor la data publicării ofertei \neducaţionale . \n(4) Numărul total de locuri şcolarizate pentru fiecare program de studii (locuri finanţate de \nla buget + locuri cu taxă) poate fi cel mult egal cu capacitatea de şcolarizare stabilită în', 'a universităţii . \n(2) În cazuri deosebite, când din motive întemeiate candidatul nu se poate înscrie online, \nînscrierea candidaţilor se poate face cu programare prealabilă , personal, pe baza cărţii de \nidentitate/ paşaportului sau de o altă persoană pe bază de procură , şi constă în înscrierea \npe platforma universităţii , cu ajutorul comisiei de admitere. Înscrierea candidaţilor se face \nla fiecare facultate , în locurile amenajate special în acest scop. \n(3) Repartiţia dosarelor de înscriere către facultăţi , în vederea verificării acestora, se va \nrealiza de către facultăţile care sunt menţionate ca prime opţiuni ale candidaţilor. \nArt.20. (1) După înscrierea online, candidaţii vor confirma locul prin depunerea/ \ntransmiterea dosarului cu actele în original. \n(2) Dosarul de înscriere va conţine : \n- cerere de înscriere (Formularu l PO.DID.05-F1 ); \n- diploma de bacalaureat sau diploma echivalentă cu aceasta, în original sau în copie \nconformă cu originalul;', 'de locuri vacante. \nArt.32.(1) Admiterea se face strict în ordinea descrescătoare a mediilor de admitere \nobţinute de candidaţi , în limita numărului de locuri aferent domeniilor de studii pe facultăţi , \npentru care se organizează concursul (locuri de la buget şi locuri cu taxă) . Departajarea \ncandidaţilor care au obţinut medii de admitere egale se face ţinând seama de criteriile \nconform Anexei PO.DID.05-A1. \n(2) Media minimă de admitere nu poate fi mai mică decât 5 (cinci). \n(3) Calendarul admiterii cuprinde date pentru afişarea rezultatelor preliminare, a rezultatelor \nintermediare şi a rezultatelor finale. De asemenea, calendarul cuprinde două etape de \nconfirmare şi una de completare a locurilor în urma eventualelor retrageri de după etapele \nde confirmare.', 'coloana „ Opţiunea "" preferinţele sale pentru un anumit domeniu şi formă de finanţare : pentru \ndomeniul care reprezintă prima preferinţă va înscrie numărul 1, pentru următorul 2 ş.a.m . d . \nDacă există un domeniu/ formă de finanţare pentru care candidatul nu vrea să facă opţiune , \natunci va marca poziţia respectivă cu o linie (toate poziţiile din coloana „ Opţiunea "" trebuie \nsă fie înscrise, fie cu numărul care reprezintă preferinţa , fie cu o linie). \n(4) Pentru înscrierea la concursul de admitere a cetăţenilor statelor membre ale Uniunii \nEuropene, ai statelor aparţinând Spaţiului Economic European şi ai Confederaţiei \nElveţiene , candidaţii vor completa, la facultatea unde depun dosarul, o cerere de înscriere \n(Formularul PO.DID.05-F2) la care anexează actele stipulate la art.4 (2), cu menţiunile : \n- pentru cetăţenii statelor membre ale Uniunii Europene, ai statelor aparţinând \nSpaţiului Economic European şi ai Confederaţiei Elveţiene , diploma echivalentă cu diploma', 'Număr locuri buget: 150 locuriNumăr locuri taxă: 15 locuri*Număr locuri protecție socială / cerințe educaționale speciale: 1 locNumăr locuri mediu rural: 2 locuriNumăr locuri persoane de etnie romă: 1 locNumăr locuri SRI: 1 loc (doar pentru candidații care au susținut probele de la SRI) Număr locuri români de pretutindeni cu bursă:  6 locuriNumăr locuri români de pretutindeni fără bursă, fără taxă:  2 locuri\nDomeniu de studii:\xa0Calculatoare și tehnologia informației (CTI)Programe de studii: Calculatoare și Tehnologia informației\nNumăr locuri buget: 171 locuriNumăr locuri taxă: 11 locuri*Număr locuri protecție socială / cerințe educaționale speciale : 1 locNumăr locuri mediu rural: 4 locNumăr locuri persoane de etnie romă: 1 locNumăr locuri SRI: 6 locuri (doar pentru candidații care au susținut probele de la SRI)Număr locuri STS: 2 locuriNumăr locuri români de pretutindeni cu bursă: 9 locuriNumăr locuri români de pretutindeni fără bursă, fără taxă:  2 locuri', 'Facultatea de Automatică şi Calculatoare şi la Facultatea de Arhitectură ""G.M. \nCantacuzino"" vor susţine examen. \n(5) în cazul în care numărul candidaţilor de etnie rromă este mai mare decât numărul \nlocurilor repartizate prin Ordin al Ministrului Educaţiei şi Cercetării , Comisia de admitere pe \nuniversitate va proceda la departajarea candidaţilor care îndeplinesc criteriile minime de \nadmitere de la facultatea la care aceştia s-au înscris, în funcţie de medie. \nArt.30. Pentru fiecare candidat înscris la admitere, facultăţile vor colecta datele cuprinse în \nfişele de înscriere (Formularul PO.DID.05-F1 ). \n4.4. REZULTATELE FINALE ALE CONCURSULUI DE ADMITERE \nArt.31. (1) Universitatea Tehnică „Gheorghe Asachi"" din laşi scoate la concurs locuri \nfinanţate de la bugetul de stat şi locuri de studiu cu taxă , în condiţiile art. 2 al prezentului \nregulament. \n(2) Cuantumul taxei de studiu, stabilită în funcţie de costurile specifice şcolarizării , se', 'de Senatul universităţii , la propunerea Consiliului de Administraţie , care va include şi \nactivităţile aferente analizării contestaţiilor depuse în termen legal. Valoarea taxei de \nînscriere va fi anunţată , prin afişare , odată cu programul de înscriere. \n(2) Sunt scutiţi de plata taxelor de înscriere: \n- copiii personalului didactic şi didactic auxiliar în activitate sau pensionat; \n- candidaţii orfani de unul sau ambii părinţi ; \n- candidaţi proveniţi din familii monoparentale; \n- candidaţii proveniţi de la casele de copii sau din plasament familial; \n- candidaţii cu dizabilităţi ; \n- angajaţii sau copiii angajaţilor din cadrul Universităţii Tehnice ""Gheorghe Asachi"" din \nlaşi ; \n- candidaţii care au obţinut premii la concursurile profesionale organizate in \nuniversitate. Aceste scutiri se aplică numai la facultăţile care au această facilitate trecută în \nAnexa PO.DID.05-A2 şi numai la prima opţiune a candidatului;', 'Se recomandă includerea tuturor opțiunilor de buget si taxă din cadrul celor două domenii de studiu pentru a putea beneficia de toate situațiile generate de retragerile din perioada confirmărilor. \nAdmiterea la Facultatea de Automatică și Calculatoare se face pe baza unui test grilă care va fi susținut pe 18 iulie 2026,  cu subiecte, la alegere,\xa0 de\xa0 matematică\xa0 (din programa Mate Info) sau informatică (din programa Informatică Intensiv).\nTestul grilă trebuie susținut de către toți candidații (inclusiv de cei din categoria români de pretutindeni), excepție făcând cei care se încadrează la condițiile speciale de admitere.\nPentru cazare pe perioada testului grilă, tariful pentru categoria români este de 15 lei/noapte, iar pentru românii de pretutindeni primele 2 nopti gratuit, apoi 15 lei/noapte. Cei care doresc cazare în zilele respective trebuie să trimită un email la decanat@ac.tuiasi.ro.\nTestul grilă\xa0conține 25 de întrebări, durata maximă alocată pentru rezolvare va fi de 3 ore.', 'În schimb, candidatul poate să își confirme locul și, în urma retragerilor, este posibil să \n""promoveze"" chiar la prima sa opțiune. \nNu lăsați pe ultima zi depunerea dosarului deoarece se pot crea timpi mai mari de așteptare \nîn cazul în care vor fi mai mulți candidați care doresc să depună dosarul. \n4 Dacă sunt admis la o opțiune de a mea inferioară și confirm locul, mai pot fi declarat \nadmis la o opțiune de a mea superioară? \nDa. Dacă se retrag suficiente persoane ""promovați"" automat la o opțiune de a \ndumneavoastră superioară. \nDe exemplu, dacă opțiunile dumneavoastră sunt AC-XX-B, AC-XX-T, AC-YY-B, AC-YY-T \nși sunteți declarați admiși la AC-YY-T și confirmați locul, dacă se retrag suficiente persoane \nputeți să ajungeți automat (fără a mai trebui să faceți vreo confirmare suplimentară) la AC-\nYY-B, AC-XX-T sau chiar la prima dumneavoastră opțiune (în cazul de față, AC-XX-B). \n5 Momentan sunt admis la o altă facultate de la TUIASI, dar prima mea opțiune este AC.']",,0.8172463754563387
Ce se intampla daca nu confirm locul in termenul stabilit?,"Dacă nu confirmi locul în termenul stabilit:

*   Vei fi eliminat din procesul de admitere pentru opțiunea respectivă.
*   Vei fi eliminat din procesul de admitere și pentru opțiunile inferioare din cadrul facultății respective la care ai fi putut fi admis.","['Locurile eliberate în urma unor eventuale retrageri dup ă  afi ș area rezultatelor finale pot fi ocupate prin glisare în cadrul fiec ă reifacult ăț i. Glisarea se va face în ordinea mediilor de admitere ș i a op ț iunilor în cadrul facult ăț ii, iar candida ț ii declara ț i admi ș i înaceast ă  etap ă  trebuie s ă  confirme locul în termen de 48 de ore. În momentul confirm ă rii locului ocupat la o facultate,candidatul nu va mai putea s ă  urce la op ț iunile sale superioare de la alte facult ăț i.\n4/22/26, 4:09 PM Universitatea Tehnică ""Gheorghe Asachi"" din Iași - Admitere 2025\nhttps://www.admitere.tuiasi.ro/licenta/index.php 6/7', 'Candida ț ii declara ț i admi ș i la o facultate la afi ș area rezultatelor de la ultimul termen de confirmare prev ă zut în calendarul deadmitere al unei sesiuni, vor avea la dispozi ț ie 48 de ore pentru a confirma locul ob ț inut, în acelea ș i condi ț ii ca în etapeleanterioare de confirmare.La expirarea acestui termen, to ț i candida ț ii declara ț i admi ș i ș i care au confirmat pentru o facultate, vor fi elimina ț i (retra ş i) dinlistele tuturor celorlalte facult ăț i (din acel moment r ă mân în listele facult ăț ilor doar candida ț ii care nu au fost admi ș i la nici ofacultate din universitate în sesiunea curent ă ).', 'În cazul în care dosarul candidatului con ț inând actele în original a fost depus anterior la una din comisiile de admitere dinuniversitate, candidatul va putea confirma locul doar prin interac ț iunea cu platforma de admitere.\nAtât pentru un domeniu (op ț iune în cadrul unei facult ăț i) la care candidatul nu confirm ă  locul ocupat prin concurs, cât ş ipentru domeniile cu op ţ iune inferioar ă  din cadrul facult ăţ ii respective (la care, de asemenea, ar fi putut fi admis), candidatuleste eliminat din procesul de admitere.\nCandidatul este considerat ÎN CONCURS pentru toate op ț iunile la care nu a fost înc ă  admis.\n3. Rezultate intermediare\nLa afi ș area rezultatelor intermediare are loc:', 'În schimb, candidatul poate să își confirme locul și, în urma retragerilor, este posibil să \n""promoveze"" chiar la prima sa opțiune. \nNu lăsați pe ultima zi depunerea dosarului deoarece se pot crea timpi mai mari de așteptare \nîn cazul în care vor fi mai mulți candidați care doresc să depună dosarul. \n4 Dacă sunt admis la o opțiune de a mea inferioară și confirm locul, mai pot fi declarat \nadmis la o opțiune de a mea superioară? \nDa. Dacă se retrag suficiente persoane ""promovați"" automat la o opțiune de a \ndumneavoastră superioară. \nDe exemplu, dacă opțiunile dumneavoastră sunt AC-XX-B, AC-XX-T, AC-YY-B, AC-YY-T \nși sunteți declarați admiși la AC-YY-T și confirmați locul, dacă se retrag suficiente persoane \nputeți să ajungeți automat (fără a mai trebui să faceți vreo confirmare suplimentară) la AC-\nYY-B, AC-XX-T sau chiar la prima dumneavoastră opțiune (în cazul de față, AC-XX-B). \n5 Momentan sunt admis la o altă facultate de la TUIASI, dar prima mea opțiune este AC.', 'În urma primei etape de confirm ă ri ale locurilor ș i eventuale retrageri, candida ț ii pot fi declara ț i admi ș i la una sau mai multeop ț iuni la care în faza rezultatelor preliminare au fost considera ț i ÎN CONCURS.\nÎn cazul în care candidatul este declarat ADMIS la una dintre facult ăț i, la domenii ș i/sau forme de finan ț are la care fuseser ăconsidera ț i ÎN CONCURS în cadrul rezultatelor preliminare, acesta poate confirma locul la op ț iunea respectiv ă . Confirmarealocului se realizeaz ă  prin prezentarea actelor în original (doar în cazul în care acestea nu au fost deja depuse la una dincomisiile de admitere ale universit ăț ii) ș i prin confirmarea op ț iunii respective în cadrul platformei de admitere.', '1 Dacă am fost admis la o altă facultate decât prima mea opțiune, unde trebuie să depun \ndosarul? \nCandidații își vor depune dosarele cu documente originale la facultatea la care a fost \nexprimată prima opțiune, indiferent de rezultatul admiterii. Ulterior, după stabilirea \nrezultatelor finale se vor face redistribuiri ale dosarelor de către comisiile de admitere. \n2 Care sunt actele necesare pentru confirmarea locului obținut prin concurs? \nDocumentele necesare se găsesc  la adresa https://ac.tuiasi.ro/admitere/licenta/, la \nsecțiunea Confirmarea locului , care este disponibilă după afișarea preliminară a \nrezultatelor.', 'dispoziţie 48 de ore pentru a confirma locul obţinut, în aceleaşi condiţii ca în etapele \nanterioare de confirmare. \nLa expirarea acestui termen, toţi candidaţii declaraţi admişi şi care au confirmat pentru o \nfacultate, vor fi eliminaţi (retraşi) din listele tuturor celorlalte facultăţi (din acel moment \nrămân în listele facultăţilor doar candidaţii care nu au fost admişi la nici o facultate din \nuniversitate în sesiunea curentă). \n(7) Locurile eliberate în urma unor eventuale retrageri după afişarea rezultatelor finale, pot \nfi ocupate prin glisare în cadrul fiecărei facultăţi. Glisarea se va face în ordinea mediilor de \nadmitere şi a opţiunilor în cadrul facultăţii , iar candidaţii declaraţi admişi în această etapă \ntrebuie să confirme locul în termen de 48 de ore. În momentul confirmării locului ocupat la \no facultate, candidatul va fi retras din listele celorlalte facultăţi . \nArt.33. Rezultatele admiterii, verificate şi validate de Comisia de admitere pe universitate,', 'În cazul în care candidatul a confirmat locul, dar în urma retragerilor a urcat la o op ț iune superioar ă  din lista sa de op ț iuni,promovarea acestuia la acea op ț iune superioar ă  din fi ș a de înscriere se face automat, f ă r ă  necesitatea unei confirm ă risuplimentare din partea candidatului.\nAtât pentru o op ț iune la care candidatul nu confirm ă  locul ocupat prin concurs pân ă  la termenul de confirmare a rezultatelorintermediare, cât ş i pentru op ţ iunele inferioare din cadrul facult ăţ ii respective (la care, de asemenea, ar fi putut fi admis),candidatul este eliminat din procesul de admitere.\nCandidatul este considerat ÎN CONCURS pentru toate op ț iunile la care nu a fost înc ă  admis.\n4. Rezultate finale\nLa afi ș area rezultatelor finale are loc:', '\ue080Q10. Dac ă  m ă  înscriu în ultima zi de înscrieri, dosarul meu va fi validat de c ă tre comisia de admitere în timp util?\nÎn ultima zi, înscrierea se poate face pân ă  la ora 12.00 pm astfel încât comisia de admitere s ă  dispun ă  de timpul necesar verific ă riituturor dosarelor.\n\ue080Q11. Pot înc ă rca în dosarul de admitere online imagini preluate cu telefonul ale documentelor solicitate (carte deidentitate, diplome, adeverin ț e, etc.)?\nDa, dar asigurati-v ă  c ă  imaginile transmise sunt clare, lizibile ș i cuprind întregul document fotografiat. Dac ă  documentul solicitat aremai multe pagini, asigura ț i-v ă  c ă  acestea sunt concatenate într-un singur fi ș ier!\n\ue080Q12. Cum dovedesc autenticitatea ș i validitatea informa ț iilor completate în dosarul de admitere ș i a actelor înc ă rcate?', 'Candidatul este considerat ÎN CONCURS pentru toate op ț iunile la care nu a fost înc ă  admis.\n3. Rezultate intermediare\nLa afi ș area rezultatelor intermediare are loc:\nEliminarea din concurs a candida ț ilor de la op ț iunile la care au fost admi ș i ș i nu au confirmat pân ă  la termenul stabilitpentru confirmarea rezultatelor preliminareAdmiterea unor candida ț i la noi op ț iuni la care în etapa anterioar ă  au fost considera ț i ÎN CONCURS, în limita locuriloreliberate prin retragere sau neconfirmarePromovarea automat ă  a candidatului la o optiune superioar ă  în ordinea preferin ț elor de pe fi ș a de înscriere, în limitalocurilor eliberate prin retragere sau neconfirmare.Candidatul r ă mâne în concurs pentru op ț iunile la care nu a fost declarat admis înc ă .', '\ue080Q12. Cum dovedesc autenticitatea ș i validitatea informa ț iilor completate în dosarul de admitere ș i a actelor înc ă rcate?\nConform reglement ă rilor legale în vigoare, prin transmiterea dosarului electronic c ă tre comisia de admitere, candidatul î ș i asum ăresponsabilitatea cu privire la autenticitatea ș i coresponden ț a dintre documentele, digitale/scanate ș i cele originale.\n\ue080Q13. Dosarul meu a fost validat, dar în cererea de înscriere nu se v ă d diacriticele. De ce se întâmpl ă  acest lucru? Datelemele sunt înregistate corect?\nDatele dumneavoastr ă  sunt înregistrate corect. Font-urile utilizate în generarea fi ș ierelor PDF nu sunt compatibile cu toate aplica ț iilede tip PDF Viewer. Instala ț i aplica ț ia Adobe Acrobat Reader DC disponibil ă  aici (https://get.adobe.com/ro/reader/) ș i redeschide ț icererea cu aceast ă  aplica ț ie.\n6/1/26, 10:56 AM Universitatea Tehnică ""Gheorghe Asachi"" din Iași - Admitere 2025\nhttps://www.admitere.tuiasi.ro/licenta/intrebari.php 2/3', '\ue080Q16. Dac ă  am fost admis la o alt ă  facultate decât prima mea op ț iune, unde trebuie s ă  depun dosarul?\nCandida ț ii î ș i vor depune dosarele cu documente originale la facultatea la care a fost exprimat ă  prima op ț iune, indiferent de rezultatuladmiterii. Ulterior, dup ă  stabilirea rezultatelor finale se vor face redistribuiri ale dosarelor de c ă tre comisiile de admitere.\n\ue080\nQ17. Dac ă  sunt admis la o op ț iune de a mea inferioar ă  ș i confirm locul, mai pot fi declarat admis la o op ț iune de a measuperioar ă ?']",,
